MODE,POWER,AMPS,VOLTS,TEMP,UNIT,DELTA,GAMMA,OUTPUT
REDACTED,high,0.585,4.347,66.812,C,-0.659,-0.527,3.749
beam,low,0.687,2.412,-17.044,C,0.508,-0.371,-1.062
REDACTED,low,0.888,2.979,40.918,C,0.6,1.412,2.265
auto,low,0.114,0.754,-43.308,C,-0.76,-0.109,1.847
burst,high,0.318,3.955,37.752,C,-0.751,0.492,1.821
burst,low,0.671,6.303,-4.164,C,-0.742,-0.707,-0.027
burst,low,0.923,1.07,-23.668,C,-0.408,1.789,-0.209
REDACTED,low,0.488,2.107,-5.333,?,0.596,-0.002,0.0
auto,low,0.744,0.929,-16.063,?,-0.149,-1.139,1.845
beam,high,0.801,0.732,53.036,C,0.783,-0.941,0.259
beam,high,0.942,0.773,31.677,C,-0.443,0.644,0.325
beam,high,0.138,2.535,256.46,K,-0.92,0.315,-0.168
REDACTED,low,0.778,0.996,284.293,K,-0.007,-0.02,0.714
REDACTED,low,0.577,1.271,34.933,C,0.334,-0.034,1.325
burst,low,0.531,5.673,-6.79,C,-0.695,0.21,-0.265
beam,low,0.983,5.072,372.587,K,-0.756,1.43,7.409
auto,high,0.962,3.774,40.942,C,-0.551,-1.681,-4.935
beam,high,0.305,1.848,350.906,K,-0.015,0.655,1.182
REDACTED,low,0.354,3.487,254.352,K,0.441,-0.758,-0.186
burst,high,0.303,2.416,-54.611,C,-0.096,-0.858,-0.271
beam,low,0.923,0.558,351.869,K,-0.324,-0.649,8.543
REDACTED,high,0.641,1.766,338.907,K,0.61,0.845,4.06
auto,low,0.673,0.969,347.489,K,-0.873,0.271,1.755
auto,low,0.572,1.382,-1.895,C,-0.77,-0.79,2.113
beam,low,0.97,0.232,46.222,?,0.2,-0.557,6.685
auto,low,0.238,2.681,313.637,K,-0.76,0.049,2.048
burst,low,0.596,0.882,-100.0,C,0.861,1.049,0.241
REDACTED,low,0.225,1.871,-3.075,C,0.305,-1.649,-0.016
beam,high,0.251,2.198,-100.0,C,-0.406,0.505,-0.499
burst,low,0.481,2.942,-37.251,C,-0.468,-0.199,0.175
REDACTED,low,0.294,2.473,236.18,K,-0.65,-0.725,-0.059
burst,high,0.205,4.14,51.111,C,-0.729,0.211,1.757
REDACTED,low,0.213,2.368,-54.695,?,-0.569,-0.151,0.144
burst,high,0.394,2.956,92.762,C,-0.063,-0.626,4.315
auto,low,0.353,1.491,335.678,?,-0.242,0.852,1.949
auto,high,0.878,3.324,80.216,C,-0.403,0.676,-5.117
beam,high,0.054,3.031,309.659,K,-0.684,-1.033,-0.038
REDACTED,low,0.582,0.738,-43.025,C,0.611,-1.09,-1.258
burst,high,0.414,1.387,-27.54,C,0.683,1.145,-0.014
auto,high,0.317,0.957,224.305,K,0.343,0.658,NA
beam,high,0.918,0.709,17.121,C,-0.695,0.113,0.071
REDACTED,low,0.608,1.585,24.347,?,0.806,0.601,0.788
beam,low,0.89,2.833,23.89,C,0.173,-1.369,1.556
beam,low,0.843,2.909,19.878,C,0.272,-1.074,1.01
beam,high,0.383,0.916,285.153,K,-0.381,1.014,0.104
beam,high,0.376,1.548,46.929,C,-0.799,-0.405,0.26
REDACTED,low,0.266,0.518,262.933,?,-0.53,-0.076,0.228
burst,high,0.624,2.62,44.315,C,0.464,-1.748,3.574
beam,high,0.424,2.4,-14.022,C,0.232,-1.261,-0.506
REDACTED,low,0.15,0.437,28.072,C,-0.441,0.203,0.528
auto,high,0.6,4.302,22.393,C,0.841,-1.36,-5.827
REDACTED,high,0.718,1.317,25.825,C,0.444,0.724,2.949
beam,low,0.017,1.257,-42.815,C,-0.21,1.018,-0.122
REDACTED,low,0.772,1.593,234.289,?,-0.392,0.327,-1.4
auto,low,0.268,0.428,19.308,C,0.262,-0.41,2.314
burst,low,0.484,3.66,-31.111,?,-0.598,-1.022,-0.361
beam,low,0.59,0.514,249.391,K,0.526,-0.684,-1.321
beam,high,0.964,7.38,-11.241,C,-0.489,0.304,-0.351
auto,low,0.427,1.173,-55.382,C,-0.303,-0.218,1.789
beam,low,0.308,0.726,259.201,K,0.879,0.563,-0.189
beam,low,0.393,3.755,278.158,K,0.217,-0.554,0.03
auto,high,0.227,0.734,-21.622,C,0.925,-1.786,-6.002
burst,low,0.296,2.986,61.333,C,-0.49,0.074,0.068
auto,low,0.975,0.877,78.617,C,0.471,1.049,1.849
beam,low,0.811,4.575,6.999,C,-0.015,0.081,0.462
burst,low,0.845,1.659,373.15,K,0.248,1.027,0.16
beam,high,0.033,4.674,50.305,C,0.086,0.238,0.31
REDACTED,low,0.244,2.778,266.619,K,-0.944,0.895,-0.063
burst,high,0.732,0.945,222.236,K,-0.504,-1.563,-2.338
burst,low,0.479,2.969,-45.104,C,-0.952,0.166,-0.063
auto,high,0.624,1.45,10.403,C,-0.32,1.227,-5.152
beam,low,0.488,0.607,-15.055,C,-0.464,-0.119,-1.046
burst,low,0.884,1.09,221.37,?,0.283,0.023,0.499
burst,high,0.332,0.872,-13.627,C,0.874,0.284,0.71
REDACTED,low,0.184,3.594,29.897,C,-0.18,0.783,0.356
REDACTED,high,0.632,3.997,100.0,C,-0.433,0.106,3.878
beam,low,0.61,1.294,-27.185,?,-0.792,-0.074,-1.511
REDACTED,low,0.616,1.5,201.803,?,-0.725,0.46,-1.671
auto,low,0.005,0.541,-36.0,C,0.568,-0.504,2.498
burst,high,0.284,3.223,-95.69,C,0.283,0.108,-1.766
beam,low,0.427,1.361,278.391,K,-0.919,-1.099,0.591
burst,high,0.302,0.536,-91.909,?,-0.977,-1.746,-1.831
auto,high,0.4,4.358,301.689,K,0.341,0.182,-5.552
REDACTED,high,0.857,1.781,307.595,K,-0.789,-0.998,2.991
burst,low,0.07,2.48,31.45,C,-0.191,1.333,0.156
REDACTED,high,0.505,3.125,-100.0,C,0.914,0.907,4.236
burst,low,0.529,1.904,266.797,?,0.321,-0.159,-0.239
burst,low,0.831,0.501,18.659,C,-0.48,-0.556,0.356
REDACTED,low,0.957,1.098,29.168,C,0.144,-0.002,1.711
burst,low,0.421,2.404,-99.463,C,-0.565,0.525,-0.349
burst,high,0.991,4.931,-58.222,C,0.338,0.141,-4.221
burst,low,0.968,3.224,-26.237,C,-0.184,0.167,-0.208
REDACTED,high,0.518,1.546,-38.783,C,-0.357,1.182,3.225
auto,high,0.54,1.815,36.68,C,0.324,-0.28,-4.891
burst,low,0.75,7.39,-26.129,C,-0.322,-0.203,-0.143
burst,low,-99.0,1.066,307.028,K,-0.21,-2.0,0.0
auto,low,0.759,0.219,296.815,?,-0.462,0.14,1.012
auto,high,0.101,4.601,21.582,C,-0.511,-1.016,-5.487
auto,low,0.801,0.337,28.101,C,-0.391,0.523,1.674
burst,low,0.052,3.053,-54.905,C,0.144,1.019,0.203
beam,high,0.178,1.242,310.843,?,0.957,0.378,0.011
REDACTED,low,0.615,0.537,-89.989,C,-0.704,-0.749,-2.348
burst,low,0.133,3.022,42.732,C,-0.649,-0.532,-0.195
burst,low,0.254,1.889,46.84,C,-0.371,-0.105,0.327
REDACTED,high,0.961,2.904,236.153,K,0.039,0.335,3.194
burst,low,0.234,3.367,-20.218,C,-0.449,0.848,0.119
burst,low,0.028,3.135,18.28,?,0.922,-0.743,-0.335
auto,low,0.198,3.382,289.318,K,-0.339,-0.017,2.44
REDACTED,high,0.705,1.107,-88.737,C,-0.475,-0.833,3.523
REDACTED,low,-99.0,0.52,232.669,K,0.905,-0.254,0.0
beam,low,0.781,0.65,-28.812,C,-0.678,-0.358,-2.182
burst,low,0.105,1.164,283.099,K,0.221,0.549,0.336
beam,high,0.98,3.852,-100.0,C,-0.308,1.162,-1.693
REDACTED,high,0.41,3.166,-77.146,C,0.389,0.057,3.71
REDACTED,high,0.559,0.295,-83.389,?,-0.016,0.094,3.993
REDACTED,high,0.393,1.555,39.65,C,-0.055,0.423,3.466
auto,high,0.553,0.816,-59.014,C,0.692,-0.113,-5.237
burst,high,0.591,2.114,275.457,K,0.08,0.521,1.049
beam,high,0.537,1.117,38.88,C,-0.618,0.695,0.238
auto,low,0.568,2.429,-7.479,C,0.402,1.424,2.399
REDACTED,low,0.636,1.633,-39.211,C,0.58,-0.076,-0.967
beam,high,0.948,2.095,23.7,C,0.538,-0.847,0.626
auto,low,0.83,0.861,-4.703,C,-0.949,-0.673,2.026
beam,high,0.435,2.193,187.551,K,0.409,-0.668,-0.473
auto,low,0.0,1.712,255.375,K,0.223,-0.289,1.809
auto,low,0.395,0.429,66.448,C,0.005,-0.732,1.604
REDACTED,low,0.248,0.516,-10.349,C,-0.033,0.868,0.03
auto,high,0.466,2.687,98.705,C,0.604,-0.793,-5.923
auto,low,0.764,0.984,4.036,C,-0.262,0.426,2.002
beam,low,0.401,2.149,3.634,C,-0.543,-1.165,0.124
burst,low,0.559,1.779,62.994,C,-0.103,1.511,0.317
beam,low,0.54,0.818,-93.716,C,0.005,-0.409,-5.68
REDACTED,low,0.382,1.435,-32.638,C,-0.18,0.498,-0.239
auto,low,0.91,1.005,-8.7,C,-0.556,-0.177,1.88
auto,high,0.35,0.325,-34.966,C,-0.349,-0.337,-5.49
burst,high,0.585,0.316,-34.551,C,0.34,0.693,-0.575
burst,low,0.572,1.659,-63.317,C,-0.991,-0.133,0.122
auto,low,0.31,4.168,295.389,K,-0.366,-1.066,2.252
auto,high,0.445,0.179,-30.394,C,-0.768,0.469,-5.68
beam,low,0.553,2.411,-24.491,C,-0.351,-0.786,-1.153
auto,low,0.475,1.678,95.467,C,-0.01,1.591,2.095
burst,high,0.097,3.244,41.306,C,-0.843,-0.414,1.586
burst,high,0.477,1.097,247.67,?,0.86,0.824,0.171
beam,high,0.767,1.113,338.309,K,0.97,0.487,0.133
burst,high,0.805,1.484,289.44,K,0.125,0.512,1.811
burst,high,0.703,2.252,222.527,?,-0.894,0.203,-2.375
auto,low,-99.0,0.947,255.271,K,0.958,1.418,0.0
auto,low,0.695,2.19,-4.563,C,-0.647,-0.728,1.962
auto,high,0.479,2.028,-45.656,C,-0.743,0.048,-5.722
burst,high,0.682,0.628,-36.859,C,-0.5,-0.416,-0.814
beam,high,0.681,2.712,-22.414,C,0.472,-0.058,-0.199
auto,low,0.962,2.648,44.912,C,0.628,0.426,2.147
burst,low,0.05,1.585,-43.006,C,0.219,-0.01,-0.157
REDACTED,low,0.633,1.448,-38.934,C,0.458,-0.313,-0.902
beam,high,0.92,3.01,340.281,K,0.382,0.704,0.604
REDACTED,low,0.556,2.032,240.486,K,-0.128,0.56,NA
beam,high,0.339,3.663,343.184,K,-0.148,-0.388,0.684
auto,low,0.561,2.858,214.695,?,-0.493,0.895,2.134
auto,high,0.454,0.306,27.752,C,-0.391,0.725,-5.259
burst,high,0.078,2.026,308.801,K,-0.439,-0.283,1.538
beam,low,0.851,3.491,-20.69,C,0.303,-0.381,-1.501
REDACTED,high,0.714,1.029,74.975,C,0.472,0.474,3.682
beam,high,0.628,1.733,322.562,?,-0.516,-1.262,0.541
REDACTED,low,0.396,4.669,-4.651,C,-0.16,0.481,0.034
burst,low,0.924,3.18,-1.924,C,-0.086,-0.704,-0.494
burst,low,0.724,0.36,-8.741,C,0.156,0.07,0.058
burst,high,0.575,2.572,16.05,C,0.053,-0.62,2.018
auto,high,0.539,0.999,-84.269,C,-0.572,0.018,-5.361
burst,high,0.068,0.752,-77.114,C,-0.336,0.661,0.612
REDACTED,low,0.555,3.721,295.958,K,0.264,0.163,1.154
auto,low,0.431,0.962,343.871,K,0.032,1.372,2.326
auto,low,0.041,2.124,32.491,C,0.788,0.463,1.923
beam,high,0.805,1.463,265.153,K,-0.332,-0.077,-0.009
REDACTED,low,0.774,1.005,-2.864,C,-0.708,-0.601,-0.124
beam,high,0.945,0.757,299.642,K,0.08,-0.573,0.699
auto,low,0.413,2.968,-21.678,C,0.423,1.074,2.173
beam,low,0.877,0.592,-15.074,C,-0.118,0.105,-1.211
REDACTED,low,0.182,5.13,180.276,K,0.166,1.508,-0.585
burst,low,0.144,2.648,224.895,?,-0.623,0.196,-0.102
beam,low,0.538,0.748,26.128,C,-0.104,-0.139,1.524
beam,low,0.893,1.4,-34.854,C,-0.237,-0.881,-2.795
beam,low,0.23,0.654,-51.096,C,-0.175,0.0,-1.014
REDACTED,low,0.352,2.181,-9.889,C,-0.704,-0.413,-0.314
auto,low,0.194,7.026,-2.324,C,-0.897,-0.113,1.867
beam,low,0.608,0.25,-6.002,C,-0.729,-1.23,-0.325
auto,low,0.176,1.616,13.812,C,0.221,-0.245,1.888
REDACTED,high,0.821,1.124,332.831,K,0.648,0.882,3.807
beam,high,0.189,0.394,240.567,K,-0.83,0.167,-0.116
beam,low,0.454,3.788,-68.147,C,-0.023,-1.238,-2.516
burst,high,0.078,1.2,36.565,C,-0.229,-0.112,1.366
burst,low,0.08,5.049,8.719,C,0.523,0.98,0.294
auto,low,0.026,0.911,-20.954,C,-0.025,-1.028,1.962
burst,low,0.102,3.448,15.266,C,0.344,0.376,-0.148
auto,low,0.602,2.316,-100.0,C,0.743,-0.181,2.148
auto,high,0.48,1.213,11.673,C,0.134,-0.422,-4.661
burst,high,0.263,0.531,-100.0,C,0.784,0.098,-1.83
beam,low,0.956,2.178,-100.0,?,0.299,1.049,-8.323
REDACTED,high,0.503,1.795,-29.219,?,0.597,0.552,3.142
beam,low,0.388,2.339,256.419,K,-0.943,1.46,-0.332
auto,low,0.638,1.398,252.639,K,-0.945,0.047,2.257
beam,high,0.002,0.143,61.144,C,-0.712,-0.529,0.132
auto,low,0.33,1.775,-6.429,C,0.318,-0.416,2.085
beam,high,0.822,7.139,33.632,C,-0.497,-0.37,0.152
burst,low,0.043,0.698,206.655,K,0.728,0.51,-0.062
REDACTED,low,0.999,1.416,177.463,K,-0.206,0.113,-4.03
beam,low,0.221,1.223,241.825,K,-0.784,-1.122,-0.51
beam,high,0.728,1.88,256.371,K,0.698,0.523,-0.01
burst,low,0.602,0.183,-57.235,C,-0.446,0.961,-0.153
burst,high,0.118,1.42,-54.999,C,-0.776,0.222,0.468
auto,high,0.027,2.568,58.891,C,0.803,0.559,-5.678
auto,high,0.979,3.9,222.822,?,-0.843,0.808,-5.208
burst,low,0.099,1.29,-37.108,C,-0.941,-1.084,0.197
REDACTED,low,0.257,3.278,-77.028,C,-0.052,-0.161,-0.285
REDACTED,low,0.469,0.363,313.823,?,0.12,-0.172,0.954
beam,high,0.657,1.462,-2.888,C,-0.596,-0.263,-0.011
auto,high,0.808,1.539,190.51,K,0.004,0.755,-4.345
REDACTED,low,0.47,2.157,337.226,K,-0.368,-0.049,2.267
burst,low,0.457,2.011,69.853,C,-0.203,-0.314,-0.252
auto,high,0.417,0.388,-33.252,C,0.591,0.072,-5.492
burst,low,0.947,1.256,-18.877,C,0.548,0.569,0.114
beam,low,0.321,2.354,294.363,?,0.457,-0.441,0.705
auto,low,0.254,1.974,-28.17,C,-0.741,-0.117,2.072
REDACTED,low,0.769,2.196,-59.663,C,0.691,-1.069,-2.201
REDACTED,low,0.708,0.852,6.328,C,-0.973,0.294,0.382
REDACTED,high,0.974,2.059,359.879,?,0.748,0.751,3.783
auto,low,0.913,1.907,3.539,C,0.041,0.64,2.131
burst,high,0.181,0.715,-75.296,C,-0.868,0.87,-0.591
REDACTED,high,0.897,1.971,58.839,C,-0.181,-0.433,3.804
REDACTED,low,0.226,0.571,15.702,C,-0.341,0.081,0.527
beam,low,0.585,4.019,40.617,C,-0.349,0.763,1.656
burst,low,0.218,0.119,7.025,C,0.075,-0.27,0.483
REDACTED,low,0.512,1.855,27.848,?,-0.056,-0.213,1.238
auto,low,0.477,0.973,10.29,?,0.001,-1.087,1.918
REDACTED,high,0.45,2.259,-17.125,C,0.316,0.978,2.446
beam,high,0.749,0.499,326.14,K,-0.53,-0.56,0.26
beam,low,0.208,4.325,272.593,?,-0.61,0.651,-0.065
burst,high,0.629,2.936,285.535,K,0.624,-0.648,1.42
beam,high,0.145,0.497,-100.0,C,-0.602,0.552,-0.01
burst,low,0.881,3.16,-1.65,C,-0.973,-0.552,-0.021
REDACTED,low,0.528,0.829,204.68,K,-0.342,-1.143,-1.407
REDACTED,low,0.853,4.129,173.15,K,0.663,0.112,-3.669
REDACTED,low,0.421,0.502,-57.535,C,-0.779,0.257,-0.646
auto,low,0.006,0.623,4.771,C,0.05,0.456,2.084
beam,low,0.359,2.658,-72.423,C,-0.449,-0.931,-1.928
burst,high,0.286,1.586,-5.929,C,-0.541,-0.347,1.08
auto,low,0.377,1.603,358.473,K,0.723,-0.112,2.122
auto,high,0.112,1.221,292.28,K,0.765,-0.177,-5.923
beam,high,0.941,1.141,-0.673,C,0.274,0.61,0.253
REDACTED,high,0.612,1.539,46.097,C,0.494,-0.195,3.213
beam,high,0.298,1.094,-11.306,C,0.184,-0.727,-0.272
burst,high,0.112,2.077,-65.326,?,0.578,-1.286,0.378
auto,low,0.877,1.847,-76.382,C,0.848,0.02,2.301
REDACTED,low,0.193,1.282,228.805,K,-0.564,0.519,0.151
beam,low,0.126,0.995,-81.561,C,0.958,0.206,-1.269
beam,low,0.025,4.584,44.635,C,-0.344,-1.381,0.317
auto,low,0.512,1.988,12.311,C,0.357,-1.318,2.063
REDACTED,high,0.87,2.443,66.819,C,-0.81,-1.3,4.091
burst,low,0.363,2.298,-60.711,C,0.2,-1.194,-0.108
burst,high,0.891,2.324,327.858,K,-0.13,0.296,4.971
REDACTED,low,0.315,1.537,71.13,C,-0.229,-0.401,1.051
beam,low,0.587,2.485,-22.678,C,0.935,-0.592,-0.883
auto,high,0.775,1.015,10.144,C,0.88,-0.535,-5.591
auto,high,0.092,1.903,20.404,C,-0.432,0.589,-5.977
REDACTED,low,0.833,0.876,8.731,C,0.087,0.149,0.643
burst,low,0.719,2.828,19.855,C,0.799,0.149,0.012
auto,low,0.366,0.5,55.114,C,0.285,-0.605,1.555
beam,high,0.802,0.566,275.289,K,-0.124,-0.22,-0.035
REDACTED,low,0.16,4.054,20.357,C,0.427,-0.528,0.358
auto,low,0.882,0.267,336.798,K,0.082,0.841,1.418
REDACTED,low,0.327,6.978,100.0,C,0.13,-0.08,2.325
auto,high,0.623,1.709,44.201,?,-0.467,-0.711,-5.691
beam,high,0.061,0.241,-51.851,C,0.344,1.947,-0.351
REDACTED,high,0.567,1.821,230.089,?,0.017,-0.19,3.428
beam,high,0.99,0.463,36.876,C,0.761,-0.884,0.034
REDACTED,low,0.984,2.303,-62.789,C,-0.254,1.065,-2.746
REDACTED,low,0.067,1.739,279.388,K,-0.718,1.174,0.521
burst,high,0.853,2.919,82.657,C,-0.718,0.491,7.849
auto,low,0.498,1.225,274.026,K,-0.509,-0.647,2.101
auto,low,0.65,0.512,173.15,K,-0.659,-0.158,NA
beam,high,0.042,1.392,0.825,C,0.47,-0.586,-0.056
beam,low,0.979,3.416,-64.818,C,0.317,0.472,-5.019
REDACTED,low,0.547,0.65,343.226,K,0.735,-0.305,2.58
beam,low,0.074,4.661,194.955,K,-0.456,0.017,-0.515
burst,high,0.203,0.924,25.7,C,-0.22,-1.777,1.48
burst,low,0.908,2.172,211.139,K,-0.448,0.281,NA
REDACTED,low,0.118,1.14,-61.089,C,-0.173,0.543,0.267
beam,low,0.113,2.762,-16.973,C,-0.062,-0.396,-0.197
beam,low,0.231,1.473,251.579,K,-0.716,-0.431,-0.635
REDACTED,low,0.106,1.569,309.095,K,0.815,0.3,0.483
burst,high,0.622,2.262,328.079,?,0.358,-1.38,4.373
beam,low,0.163,0.615,263.105,K,-0.933,-0.44,0.056
auto,high,0.56,0.213,-10.2,C,-0.872,0.335,-5.494
auto,high,0.826,5.002,24.982,C,-0.535,0.105,-5.181
burst,high,0.982,1.51,42.129,C,0.841,-0.233,4.502
auto,low,0.82,3.569,-8.624,C,-0.915,1.163,2.282
burst,low,0.315,2.171,-58.792,?,0.986,0.663,-0.202
auto,high,0.502,1.61,-33.785,C,-0.007,0.143,-4.168
auto,low,0.492,2.456,11.145,C,0.251,-0.102,2.217
beam,high,0.705,1.049,44.417,C,0.774,0.803,0.22
REDACTED,low,0.114,1.242,33.478,C,0.512,-0.649,0.776
auto,low,0.166,2.196,241.701,?,0.232,0.114,2.083
REDACTED,high,0.9,1.281,-17.956,C,-0.307,0.113,2.695
burst,low,0.231,0.347,10.895,C,0.895,0.018,0.026
burst,low,0.041,1.652,249.108,K,-0.161,-0.91,-0.193
REDACTED,low,0.06,2.733,210.161,K,-0.905,-0.164,0.284
REDACTED,high,0.337,1.864,-56.329,C,0.243,-1.623,3.153
REDACTED,low,0.558,1.629,-59.755,C,0.648,-0.385,-1.116
beam,high,0.609,1.049,53.632,C,-0.614,-1.196,0.602
REDACTED,high,0.326,4.593,14.396,?,-0.828,-0.433,2.12
burst,low,0.989,0.51,58.208,?,-0.916,0.297,0.255
beam,low,0.902,4.854,27.314,C,0.634,-0.248,1.901
REDACTED,low,0.571,1.972,-63.926,C,0.542,-0.189,-1.443
beam,low,0.176,2.692,54.377,C,0.601,-0.195,0.855
burst,low,0.848,2.341,-69.489,C,-0.485,0.547,0.018
beam,low,0.933,2.655,-62.467,C,0.967,0.114,-4.701
beam,low,0.554,1.264,42.641,C,0.43,-0.406,2.221
REDACTED,high,0.042,0.422,283.041,K,-0.653,-0.487,2.215
burst,low,0.709,0.494,46.33,C,-0.172,-0.227,0.012
burst,high,0.173,1.26,229.417,K,-0.136,0.745,0.213
auto,high,0.742,4.346,277.076,K,-0.584,-0.478,NA
auto,low,0.987,3.663,-44.536,C,-0.106,0.562,2.388
burst,low,0.194,0.87,272.144,K,0.505,0.418,-0.402
auto,high,0.244,1.049,-8.923,C,-0.447,-0.798,-5.335
burst,low,0.824,1.87,-9.39,?,-0.189,-1.079,-0.258
REDACTED,low,0.665,0.072,-9.404,C,0.581,0.331,0.19
auto,high,0.772,1.143,273.659,K,0.147,-0.757,NA
burst,low,0.028,5.469,5.783,C,0.603,-0.834,0.138
REDACTED,high,0.794,0.627,-48.616,C,-0.461,-0.643,3.52
REDACTED,low,0.887,2.854,-69.734,C,0.271,0.645,-2.509
REDACTED,low,0.967,1.215,-29.676,C,-0.174,-0.074,-1.397
auto,low,0.791,2.09,39.602,C,0.443,1.068,2.387
REDACTED,low,0.968,0.946,-68.493,?,-0.898,-0.107,-2.628
REDACTED,high,0.273,5.277,298.151,?,0.895,-0.333,3.193
auto,low,0.199,1.657,347.996,K,0.761,-0.367,1.848
REDACTED,high,0.549,3.728,-32.593,C,0.137,0.73,3.394
REDACTED,low,0.044,4.135,64.173,C,0.171,-0.709,0.775
beam,low,0.944,0.226,-55.235,C,0.182,0.281,-8.154
beam,low,0.268,1.863,15.982,C,0.602,-0.237,0.865
auto,low,0.771,5.891,233.17,K,-0.696,0.664,2.712
auto,low,0.166,0.357,28.73,C,0.833,0.128,1.663
beam,low,0.788,2.19,340.354,?,-0.586,-1.692,4.531
beam,low,0.777,1.051,-43.758,C,-0.548,-0.01,-3.579
burst,low,0.975,0.534,6.953,C,-0.939,0.146,0.117
REDACTED,high,0.269,6.513,15.556,C,-0.197,-0.171,2.696
REDACTED,low,0.151,3.65,-29.846,C,-0.133,-1.27,0.204
REDACTED,low,0.062,1.23,5.043,C,-0.281,-0.561,0.239
beam,low,0.998,1.674,42.883,C,-0.663,0.754,3.624
auto,low,0.925,2.141,54.053,C,-0.802,-0.47,2.587
beam,low,0.116,3.685,276.345,K,-0.818,0.376,0.071
burst,high,0.326,8.304,-77.44,C,-0.273,0.177,-1.486
REDACTED,high,0.821,2.034,-12.833,C,-0.596,0.075,2.712
REDACTED,high,0.926,1.936,30.03,C,-0.682,0.803,2.995
auto,low,0.485,1.471,-10.858,C,-0.804,0.119,2.109
REDACTED,high,0.702,0.502,289.331,K,0.822,-0.962,2.15
beam,high,0.339,3.605,-34.452,C,0.107,0.513,-0.522
REDACTED,low,0.885,1.808,218.212,K,0.987,-1.268,-1.816
beam,low,0.879,0.193,23.639,C,0.635,-0.802,3.152
auto,high,0.967,2.561,-24.428,?,-0.922,0.84,-5.562
auto,high,0.388,1.831,33.1,C,-0.198,0.637,-4.764
beam,high,0.723,1.762,-20.088,C,-0.202,-0.196,-0.613
auto,high,0.604,0.704,4.454,C,0.561,0.467,-5.454
burst,high,0.504,2.205,-28.33,C,-0.334,1.976,-0.256
auto,low,0.429,2.115,192.766,K,-0.382,-0.665,2.245
auto,high,0.298,1.44,-5.53,C,0.595,-0.705,-5.681
auto,low,0.125,0.443,53.852,C,0.034,0.356,2.014
burst,low,0.566,3.158,306.357,K,0.257,-0.335,0.01
auto,low,0.845,1.06,204.063,K,0.543,0.363,2.037
auto,high,0.084,2.057,242.096,?,-0.581,-0.818,-6.122
REDACTED,high,0.313,1.379,229.982,?,0.124,0.53,3.463
beam,high,0.722,0.337,19.45,C,-0.54,-0.059,-0.045
beam,low,0.828,1.207,194.153,K,-0.001,-1.08,-6.276
burst,high,0.835,0.937,227.47,K,-0.191,0.432,-2.096
REDACTED,high,0.101,3.571,25.333,?,0.165,-0.736,2.884
burst,low,0.161,0.576,-19.087,C,0.985,0.337,-0.046
auto,high,0.217,3.621,40.827,C,-0.607,-0.592,-5.64
auto,low,0.155,3.444,267.528,K,-0.085,-1.254,1.849
burst,low,-99.0,1.058,316.816,K,-0.543,-0.077,0.0
REDACTED,low,0.491,2.625,274.081,K,0.913,0.211,-0.097
beam,low,0.91,0.357,25.613,C,0.039,0.046,3.083
burst,high,0.225,2.451,-51.3,C,-0.526,0.073,-0.11
burst,high,0.87,1.755,262.578,K,0.338,0.556,1.094
beam,low,0.11,2.539,270.786,K,-0.766,-0.44,0.023
burst,low,0.847,0.905,243.242,K,0.612,-1.499,0.131
burst,low,0.298,1.168,294.792,K,0.671,-0.29,0.032
beam,high,0.916,2.058,-44.201,C,-0.692,-0.328,0.071
auto,high,0.079,0.31,50.737,C,-0.041,0.319,-5.431
REDACTED,high,0.345,3.22,-70.323,C,0.767,-0.059,3.862
beam,high,0.895,3.384,-7.865,C,0.33,1.149,-0.217
burst,low,0.105,0.538,16.319,C,-0.306,-0.123,-0.084
beam,low,0.565,3.809,49.116,C,0.79,-0.163,1.963
beam,low,0.967,4.542,-50.038,C,0.495,-0.563,-3.553
burst,high,0.535,0.955,-79.789,C,-0.678,0.958,-3.285
burst,high,0.638,1.056,-25.345,C,-0.625,1.657,-0.405
beam,high,0.377,1.514,-50.395,C,0.042,-0.048,-0.608
burst,low,0.502,2.039,98.044,C,-0.075,-0.267,-0.155
auto,low,0.342,0.432,61.997,C,-0.096,-0.711,1.827
auto,low,0.197,3.5,228.819,K,-0.885,0.379,2.142
REDACTED,high,0.844,1.808,-9.422,?,0.249,-0.537,2.29
burst,low,0.742,4.097,50.608,C,0.614,-0.541,-0.263
beam,low,0.684,2.73,-3.612,C,0.717,1.132,-0.454
burst,high,0.74,2.34,-46.368,C,-0.165,0.476,-1.806
beam,high,0.687,4.187,39.896,C,0.936,0.762,0.154
beam,high,0.295,3.05,-69.264,C,0.487,-2.0,-0.237
REDACTED,low,0.644,2.711,74.886,C,0.707,-0.39,2.754
auto,low,0.452,0.511,297.317,K,-0.624,1.331,1.912
auto,low,0.749,6.675,234.708,?,-0.671,0.53,2.55
REDACTED,low,0.392,1.158,33.581,C,-0.393,-0.208,0.922
beam,low,0.449,1.259,-54.83,C,-0.101,-1.24,-2.305
beam,low,0.875,2.866,16.64,?,-0.812,-0.715,1.215
REDACTED,low,0.669,0.397,14.674,C,-0.66,-0.026,1.037
beam,high,0.141,1.45,32.502,C,0.762,-0.985,0.124
burst,low,0.409,0.994,95.131,C,-0.106,0.539,0.024
auto,high,0.983,1.604,-100.0,C,0.437,0.037,-5.073
REDACTED,low,0.193,0.65,-28.165,C,-0.013,-0.384,0.311
auto,high,0.52,1.318,300.072,K,0.351,-0.691,-4.799
auto,low,0.66,4.182,-27.368,C,-0.696,1.611,2.603
burst,high,0.507,3.457,277.473,K,0.497,-0.729,0.767
beam,low,0.696,2.308,279.277,K,-0.923,-0.482,0.721
REDACTED,low,0.38,2.836,62.6,C,-0.898,0.075,1.923
REDACTED,low,0.232,1.666,29.61,C,0.757,-0.858,0.835
auto,low,0.045,2.056,34.833,C,-0.672,-1.151,2.54
beam,high,0.147,8.508,283.668,K,0.002,0.454,-0.317
REDACTED,high,0.582,1.352,-36.825,C,0.59,-0.416,2.952
REDACTED,high,0.288,1.187,-15.357,C,0.027,-0.158,2.274
REDACTED,low,0.849,2.404,273.212,K,0.989,0.809,0.036
beam,low,0.329,1.321,237.957,K,-0.186,-0.447,-1.037
beam,high,0.995,2.425,-75.999,C,-0.137,0.802,-1.241
beam,low,0.791,3.558,18.644,C,-0.609,-2.0,1.31
REDACTED,low,0.713,3.114,28.631,C,-0.837,-0.082,1.132
REDACTED,low,0.607,2.905,25.415,C,0.711,0.371,1.334
auto,low,0.576,2.032,-59.244,C,-0.44,-0.949,2.366
burst,high,0.989,0.913,283.511,K,0.264,-1.112,1.732
burst,high,0.53,1.804,21.739,C,0.408,0.722,1.884
burst,high,0.185,2.637,298.24,K,0.699,0.466,1.427
beam,high,0.821,1.234,-46.756,C,-0.17,0.205,-0.875
burst,low,0.777,1.039,95.067,C,0.833,-0.357,-0.099
auto,low,0.035,8.7,45.041,C,0.07,1.078,1.971
auto,low,0.517,0.551,39.187,C,0.826,0.285,1.955
burst,low,0.063,6.528,-42.129,C,-0.273,0.464,0.164
beam,low,0.419,1.434,-14.63,C,0.586,0.898,-0.373
auto,high,0.956,0.364,-44.87,C,-0.478,-0.706,-5.054
REDACTED,high,0.546,1.436,32.111,C,0.485,-0.133,3.232
burst,low,0.517,2.512,-9.964,C,0.068,0.597,-0.008
beam,high,0.004,4.105,173.15,K,-0.793,0.305,0.238
auto,high,0.514,1.035,278.038,K,-0.561,-0.03,-5.321
auto,low,0.42,3.638,233.916,K,-0.171,-0.764,2.583
auto,low,0.488,0.504,33.997,C,-0.189,0.3,1.85
REDACTED,low,0.515,1.309,324.27,K,-0.695,-0.702,1.869
burst,low,0.668,0.258,-27.756,C,-0.155,0.773,-0.275
auto,low,0.369,2.156,250.754,?,-0.89,-0.441,2.101
beam,high,0.409,1.65,33.318,C,0.219,-0.881,0.263
burst,low,0.278,1.186,244.387,?,-0.147,0.755,0.186
auto,low,0.378,0.69,-100.0,C,0.109,0.312,1.94
beam,low,0.788,1.747,-64.6,C,-0.984,-0.215,-4.872
burst,high,0.719,0.758,-16.638,C,0.346,1.649,0.132
REDACTED,low,0.519,1.206,-24.83,C,-0.218,0.064,-0.501
REDACTED,high,0.305,1.071,-18.706,C,0.87,-0.292,2.578
burst,low,0.532,5.747,13.237,C,0.491,-0.639,-0.313
beam,low,0.572,1.79,19.915,C,-0.035,-0.18,1.194
REDACTED,low,0.318,2.053,-100.0,C,-0.621,0.341,-1.409
REDACTED,low,0.724,2.189,-54.784,C,-0.025,-0.386,-1.635
auto,high,0.366,5.169,16.26,C,0.522,0.124,-5.611
auto,high,0.473,0.367,-3.493,C,-0.915,-0.188,-5.691
auto,low,0.689,1.498,256.977,K,0.325,-0.994,2.182
beam,low,0.666,0.288,326.654,?,0.683,-1.455,4.449
beam,high,0.246,2.091,-1.945,C,0.459,0.734,0.056
REDACTED,low,0.85,2.871,259.071,K,0.414,0.367,-0.027
burst,low,0.817,3.669,30.958,C,0.376,-0.906,-0.369
auto,high,0.314,2.132,-76.138,?,-0.104,-0.579,-4.792
REDACTED,low,0.947,4.278,0.136,C,0.185,0.191,0.117
REDACTED,low,0.356,0.207,-8.857,C,-0.703,-0.308,0.24
auto,high,0.123,1.843,-26.247,C,0.057,-0.187,-5.033
auto,high,0.359,0.572,-50.963,C,0.638,-0.942,-5.501
beam,high,0.979,2.182,-66.137,C,0.943,0.326,-0.553
auto,high,0.773,0.607,36.93,C,0.707,-1.225,-5.318
burst,low,0.709,1.777,96.29,C,-0.409,-0.014,0.22
REDACTED,high,0.217,2.903,192.784,K,0.901,1.584,4.154
auto,low,0.9,1.023,213.026,K,-0.138,0.531,1.917
REDACTED,low,0.951,1.962,-10.248,C,0.614,0.353,-0.293
auto,low,0.033,1.483,243.681,K,0.09,-0.081,2.068
auto,low,0.701,1.921,0.045,C,-0.001,0.42,2.02
REDACTED,low,0.705,2.581,77.851,?,0.36,0.108,3.411
beam,low,0.657,0.779,332.306,K,-0.169,0.307,3.97
beam,low,0.27,1.858,248.179,K,0.133,-0.61,-0.512
auto,high,0.77,1.072,223.659,K,0.05,0.31,-4.245
REDACTED,high,0.952,2.061,-90.297,C,-0.081,1.206,4.407
burst,high,0.904,2.172,83.194,C,-0.539,-0.624,8.42
beam,high,0.009,2.304,329.741,K,-0.383,-0.023,0.196
burst,low,0.718,1.735,325.866,K,-0.212,-1.144,-0.078
REDACTED,low,0.544,0.678,258.15,?,-0.571,1.179,0.277
auto,low,0.506,2.39,43.664,C,0.906,-0.034,1.92
beam,low,0.569,2.984,-37.975,C,0.223,-0.655,-1.756
beam,high,0.347,0.639,-28.049,C,0.079,-0.133,-0.682
beam,low,0.08,1.67,373.15,K,-0.516,-0.684,0.972
REDACTED,low,0.65,3.184,30.108,C,-0.446,0.429,1.265
REDACTED,high,-99.0,0.879,302.823,K,0.81,0.079,NA
beam,low,0.601,1.857,291.946,K,-0.624,-1.101,0.882
auto,low,0.453,1.128,274.462,K,-0.761,-0.004,1.913
beam,high,0.559,1.957,-19.826,C,0.352,-0.079,-0.258
auto,high,0.413,0.433,49.516,C,0.541,-1.587,-5.575
beam,low,0.102,0.631,342.259,K,-0.402,-0.654,0.88
REDACTED,low,0.142,1.469,-36.765,C,0.076,-0.502,0.099
beam,low,0.961,2.496,298.398,K,-0.674,0.415,1.743
beam,low,0.277,2.425,91.047,C,0.598,-1.739,2.457
auto,low,0.728,3.271,75.95,C,0.397,0.034,2.24
beam,low,0.447,2.413,32.796,C,-0.289,0.18,1.127
auto,high,0.403,1.486,-47.008,C,-0.366,1.006,-5.281
auto,low,0.536,0.487,44.568,C,0.3,1.725,2.039
auto,low,0.201,1.446,-20.274,C,-0.993,-0.454,2.084
REDACTED,high,0.019,0.113,61.707,C,0.851,0.524,3.632
burst,high,0.798,2.28,281.884,K,0.904,1.072,1.259
REDACTED,high,0.589,2.245,81.322,C,0.114,-0.161,3.362
auto,low,0.165,2.12,-51.787,C,-0.237,-0.613,2.288
auto,high,0.187,2.153,-4.211,?,-0.137,-0.993,-5.02
REDACTED,low,0.476,0.958,15.528,C,0.27,0.121,0.676
beam,low,0.236,1.349,222.516,K,-0.752,-0.543,-0.851
REDACTED,low,0.747,2.433,-60.934,C,-0.809,1.237,-1.804
beam,low,0.749,2.124,72.015,C,0.218,-0.585,4.743
beam,low,0.771,5.242,294.04,K,0.106,0.654,NA
auto,low,0.944,1.965,-33.683,C,0.55,0.891,2.17
burst,low,0.428,2.285,262.736,K,0.8,-0.791,NA
beam,low,0.702,1.73,7.664,C,-0.591,1.596,0.532
REDACTED,low,0.886,2.693,-72.947,C,-0.687,-0.778,-3.052
auto,high,0.868,1.482,66.285,C,0.233,-0.127,-4.781
REDACTED,low,0.015,2.689,-24.07,C,0.267,1.313,0.083
auto,high,0.911,3.267,84.867,C,-0.967,-1.228,-5.536
beam,high,0.21,1.035,56.6,C,0.688,-0.774,-0.04
REDACTED,low,0.929,3.964,188.343,K,0.517,1.045,-3.466
auto,low,0.463,3.796,72.702,C,0.897,-0.223,2.156
burst,low,0.427,1.3,36.578,C,0.272,-0.705,0.181
burst,low,0.15,1.661,318.153,K,0.07,0.866,NA
beam,high,0.943,2.855,68.761,C,-0.35,0.247,0.746
auto,low,0.842,1.832,301.781,?,-0.504,-0.816,2.068
burst,high,0.926,1.965,308.239,K,-0.015,0.685,3.285
auto,low,0.714,1.986,20.696,C,-0.959,-0.544,2.219
beam,high,0.575,1.267,-54.846,C,-0.875,-0.105,-0.276
beam,low,0.215,2.666,33.862,C,0.555,-0.337,0.399
beam,high,0.93,2.981,-46.666,C,0.208,-0.594,-0.925
burst,high,0.6,0.681,14.363,?,0.301,-0.975,1.614
REDACTED,low,0.684,3.325,235.966,K,-0.408,0.15,-0.736
beam,low,0.204,5.81,318.043,K,-0.735,0.467,0.787
burst,high,0.558,0.495,363.262,K,-0.6,0.503,NA
auto,low,0.698,2.48,20.976,?,-0.833,-0.329,2.475
burst,high,0.899,3.152,308.593,K,0.164,-0.117,3.787
burst,low,0.845,0.222,-19.809,C,0.456,-0.299,-0.027
REDACTED,low,0.812,1.62,-68.529,C,0.199,-0.295,-2.531
REDACTED,high,0.975,2.774,12.94,C,-0.925,-0.159,2.287
auto,high,0.227,3.673,-49.972,C,0.262,0.193,-5.427
REDACTED,high,0.091,1.289,-100.0,C,-0.603,0.7,4.396
burst,low,0.146,1.303,-38.397,C,0.445,0.024,0.159
REDACTED,low,0.349,3.9,23.073,C,0.948,0.859,0.686
burst,low,0.175,4.782,24.831,?,-0.544,0.669,0.168
beam,low,0.142,0.347,24.809,C,0.676,-1.303,0.485
burst,low,0.547,1.17,180.693,?,-0.464,-1.299,0.129
burst,low,0.386,3.104,-6.458,C,0.131,-0.306,0.268
burst,low,0.511,2.575,12.05,C,0.712,-1.029,-0.18
burst,high,0.252,2.111,50.613,C,-0.374,0.345,2.181
burst,low,0.304,0.61,20.734,C,-0.352,0.865,-0.022
burst,high,0.115,0.458,15.151,C,0.833,1.492,0.96
REDACTED,low,0.032,2.962,54.134,C,-0.996,0.719,0.506
burst,low,0.568,1.839,-15.137,C,0.768,1.281,0.393
burst,high,0.733,1.261,-52.241,C,0.795,-1.023,-2.589
REDACTED,low,0.928,0.799,-26.085,C,0.925,0.481,-1.089
auto,low,0.132,0.745,-20.493,C,0.818,-0.023,1.704
burst,low,0.482,0.786,238.93,K,-0.275,0.492,-0.146
auto,high,0.009,2.458,41.519,C,0.247,-0.738,-6.092
auto,high,0.06,1.096,28.263,C,0.543,-0.693,-5.87
REDACTED,low,0.417,0.653,225.906,K,-0.74,-1.234,-0.834
auto,low,0.967,0.47,-57.182,C,-0.155,0.365,1.467
beam,low,0.148,1.162,8.494,C,0.044,0.26,0.162
auto,low,0.009,1.447,65.708,C,-0.348,0.194,2.436
REDACTED,low,0.683,2.04,6.802,C,0.431,-0.126,0.207
burst,low,0.054,0.44,-20.871,C,-0.71,0.687,-0.246
beam,high,0.276,0.818,62.125,C,-0.159,0.88,0.625
REDACTED,high,0.267,3.126,15.701,C,0.335,0.677,2.359
burst,low,0.11,4.491,237.586,K,0.116,0.667,-0.218
auto,low,0.219,0.831,263.214,?,-0.962,0.994,1.926
REDACTED,high,0.875,2.128,329.014,K,0.26,-0.992,3.619
auto,high,0.935,0.025,50.521,C,-0.336,-0.323,-4.707
auto,high,0.084,0.851,74.156,C,0.265,0.618,-5.926
beam,high,0.011,3.518,-75.016,C,0.045,2.0,-0.261
beam,low,0.472,1.175,-20.661,C,-0.244,-0.352,-1.14
REDACTED,low,0.24,3.233,189.852,K,-0.819,1.061,-0.765
auto,high,0.908,0.848,43.151,C,0.053,-0.984,-4.291
beam,high,0.192,0.909,188.914,K,-0.415,1.183,-0.235
REDACTED,low,-99.0,2.257,333.137,K,0.674,-0.319,0.0
beam,low,0.025,0.619,223.487,K,0.022,-0.052,-0.249
REDACTED,low,0.806,0.892,218.438,K,0.66,-0.378,-1.789
REDACTED,low,0.542,0.668,-100.0,C,-0.813,0.337,-1.916
REDACTED,high,0.001,0.382,11.749,C,0.176,-0.315,2.048
burst,low,0.617,1.516,-10.179,C,0.234,-0.884,-0.302
auto,low,0.562,2.076,272.4,K,0.206,0.039,1.705
beam,high,0.824,1.381,4.541,C,-0.475,0.189,0.132
beam,low,0.805,2.372,48.599,C,-0.065,-1.194,3.321
beam,low,0.366,0.72,-10.509,C,0.155,0.415,0.071
burst,low,0.192,4.062,-16.436,C,0.505,0.427,-0.028
beam,high,0.758,3.748,35.232,C,-0.855,0.979,-0.058
burst,low,0.03,0.972,-36.336,C,0.238,0.537,-0.151
beam,low,0.74,0.834,-9.335,C,0.336,-1.239,-0.551
auto,low,0.131,2.708,-100.0,C,0.235,-1.279,1.734
beam,low,0.327,3.336,0.179,C,0.819,0.628,0.281
burst,high,0.638,2.537,-38.996,C,0.923,-0.032,-1.041
beam,low,0.355,3.57,-0.938,C,-0.631,0.804,0.009
burst,high,0.561,1.669,-97.684,C,-0.911,0.825,-4.492
REDACTED,low,0.729,1.389,-69.827,C,-0.688,0.049,-1.789
beam,low,0.271,3.858,-40.378,C,-0.099,-0.614,-0.975
beam,low,0.481,1.727,100.0,C,0.389,-0.696,4.455
burst,low,0.523,3.602,1.9,C,0.887,0.477,-0.253
REDACTED,low,0.875,1.482,-25.45,C,0.166,1.225,-0.745
REDACTED,low,0.84,1.048,307.128,?,-0.467,0.596,1.643
REDACTED,high,0.996,2.319,-69.601,C,0.696,0.335,3.6
REDACTED,high,0.535,3.015,37.551,C,-0.894,-0.056,3.069
REDACTED,high,0.074,2.455,230.696,?,0.215,0.943,3.295
auto,low,0.084,0.493,10.367,C,0.854,-0.711,1.953
beam,high,0.962,0.688,-56.928,C,-0.35,-0.191,-0.654
REDACTED,high,0.749,1.708,38.517,C,-0.238,-0.181,2.887
auto,high,0.083,2.203,81.464,C,-0.735,-1.597,-6.103
auto,low,0.414,0.658,32.94,C,-0.006,-1.58,1.936
burst,high,0.462,2.32,347.47,K,-0.101,-0.322,4.227
REDACTED,high,0.863,2.01,232.714,K,-0.069,-0.008,3.404
beam,high,0.005,2.512,-31.772,C,0.371,0.1,-0.003
REDACTED,high,0.127,1.023,294.043,K,-0.867,-0.632,2.846
REDACTED,high,-99.0,0.985,230.142,K,-0.351,-0.844,0.0
auto,high,0.132,2.59,306.328,K,-0.634,-1.1,-6.126
REDACTED,high,0.406,3.06,65.211,C,0.23,0.117,3.909
burst,high,0.663,0.635,302.328,K,-0.203,0.03,2.286
REDACTED,low,0.96,0.61,368.861,K,0.537,0.544,5.166
burst,low,0.8,3.753,266.968,K,-0.476,0.022,0.225
burst,high,0.059,2.229,53.08,C,0.416,0.907,1.01
burst,low,0.841,1.476,29.293,C,0.254,0.462,0.127
beam,low,0.662,1.07,33.198,C,0.39,-0.206,2.448
burst,low,0.154,0.865,261.423,?,-0.772,-1.304,-0.307
REDACTED,low,0.237,0.02,100.0,C,0.486,1.717,1.784
REDACTED,high,0.258,1.051,13.007,C,-0.267,-0.611,2.392
beam,low,0.865,0.942,-39.588,C,0.113,-1.904,-3.691
burst,high,0.81,0.854,100.0,C,0.078,0.11,9.274
REDACTED,low,0.967,2.826,67.118,C,0.604,-1.034,3.795
beam,low,0.035,0.209,-16.814,C,-0.067,-0.175,0.418
beam,low,0.417,1.128,265.199,K,-0.837,0.706,-0.447
auto,high,0.776,1.978,-34.961,C,-0.453,1.232,-5.088
beam,low,0.186,1.304,-90.263,C,0.13,1.379,-1.796
burst,high,0.666,2.758,-5.811,C,0.753,-0.905,1.04
auto,high,0.188,2.591,43.276,C,0.832,-0.242,-5.821
burst,low,0.922,1.421,-14.17,C,-0.359,0.428,0.079
beam,low,0.71,1.469,223.616,K,-0.605,0.309,NA
auto,low,0.091,1.072,51.872,C,-0.919,-0.589,1.812
REDACTED,low,0.028,1.623,-3.007,C,0.605,0.181,0.031
auto,low,0.517,0.987,279.577,K,0.715,-0.41,2.117
burst,low,0.13,1.328,24.048,C,0.128,0.597,-0.137
auto,low,0.605,4.158,-19.628,C,0.689,0.257,2.596
REDACTED,high,0.556,0.3,50.688,?,0.121,-0.637,3.636
beam,low,0.962,0.852,9.893,C,-0.123,2.0,1.091
burst,low,0.118,0.577,-42.181,C,0.58,0.136,0.025
burst,high,0.339,0.836,-1.596,C,0.057,-1.045,1.097
burst,low,0.818,1.26,285.764,K,-0.229,0.08,0.189
REDACTED,low,0.455,1.333,9.692,C,0.473,1.43,0.508
REDACTED,low,0.876,0.848,195.303,K,0.692,0.584,-2.864
burst,low,0.285,0.719,11.954,C,0.225,-0.975,-0.054
auto,high,0.844,1.124,354.625,?,-0.316,-0.644,-4.768
auto,low,0.03,4.092,62.335,C,0.143,1.0,2.178
auto,high,0.803,1.83,298.391,K,-0.356,0.408,-5.025
auto,low,0.817,0.642,-97.173,C,-0.969,0.548,1.437
beam,low,0.472,2.002,27.173,C,0.929,0.074,1.167
burst,low,0.579,0.761,98.061,C,-0.535,0.342,0.074
beam,high,0.74,0.557,319.607,K,0.889,-0.134,0.162
REDACTED,low,0.609,0.916,-24.355,C,-0.772,-0.47,-0.265
auto,low,0.746,1.134,-10.827,C,0.51,-0.175,2.154
beam,low,0.79,1.959,223.017,K,0.056,0.395,NA
auto,high,0.427,1.117,-57.522,C,0.646,-0.047,-5.613
REDACTED,low,0.596,2.174,327.177,K,-0.121,-1.497,1.946
beam,low,0.026,0.485,64.632,C,0.407,-0.828,0.113
REDACTED,low,0.381,1.867,-15.873,C,-0.008,0.138,0.088
burst,high,0.006,3.405,25.544,C,-0.134,0.313,1.0
auto,high,0.802,1.552,20.465,C,0.003,0.358,-3.749
burst,high,0.36,8.12,28.847,C,0.732,-0.391,1.835
auto,high,0.779,0.855,-29.538,C,-0.842,-0.391,-5.319
beam,high,0.427,1.549,4.576,C,-0.351,1.22,0.206
beam,high,0.02,0.793,234.611,K,-0.615,0.089,0.304
auto,high,0.181,3.154,-1.724,C,0.674,-0.437,-5.589
beam,high,-99.0,3.981,338.509,K,0.808,0.73,0.0
REDACTED,high,0.133,2.835,33.47,C,-0.677,-0.132,3.317
REDACTED,high,0.58,0.263,-43.608,C,-0.353,0.79,3.334
burst,low,0.979,3.458,242.969,K,-0.69,-0.418,-0.34
REDACTED,low,0.959,2.07,280.233,?,0.974,0.574,0.782
auto,high,0.532,2.739,7.041,C,-0.992,0.776,-5.475
burst,high,0.696,1.768,-9.18,C,0.694,-0.736,0.756
beam,low,0.308,0.425,321.952,K,0.547,0.254,1.557
REDACTED,low,0.662,0.516,251.961,?,-0.972,-0.487,-0.222
REDACTED,low,0.19,3.982,-47.69,C,-0.114,0.231,-0.018
beam,low,0.72,4.826,286.882,K,-0.046,0.117,0.71
auto,low,0.59,2.197,-2.202,C,-0.969,-0.455,2.269
auto,high,0.773,2.782,-49.581,C,0.454,-0.962,-4.987
auto,low,0.62,2.095,-9.471,C,0.287,1.993,2.155
auto,high,0.897,1.752,69.209,C,-0.523,-1.456,-4.952
REDACTED,low,0.152,2.476,-100.0,?,0.33,-1.064,-0.405
beam,high,0.274,0.496,213.279,K,0.225,-1.098,-0.711
burst,high,0.577,0.748,-27.404,C,0.709,0.002,-0.01
beam,high,0.32,2.778,36.965,C,0.462,0.097,0.432
auto,low,0.361,0.724,-2.505,C,-0.066,0.322,1.879
auto,high,0.373,2.163,268.242,K,0.55,-0.852,-5.244
REDACTED,low,0.585,1.253,92.855,C,0.146,0.509,3.515
auto,high,0.456,2.644,267.479,K,-0.761,-0.27,-5.333
REDACTED,high,0.347,1.941,317.065,K,-0.545,0.423,3.289
burst,low,0.13,3.753,-53.918,C,-0.768,-0.668,-0.004
burst,high,0.487,2.715,18.751,C,0.187,1.567,1.721
beam,low,0.963,1.988,5.241,C,-0.872,0.411,0.29
REDACTED,low,-99.0,2.638,301.788,K,0.883,0.493,0.0
REDACTED,low,0.529,1.616,-100.0,C,-0.846,-0.012,-2.152
beam,low,0.849,1.775,-12.254,C,-0.953,1.303,-0.772
burst,low,0.259,2.873,28.848,C,-0.097,-0.893,-0.004
REDACTED,high,0.906,0.95,271.306,K,-0.568,-0.07,1.292
REDACTED,low,0.115,1.601,0.119,C,0.14,-1.157,-0.08
burst,low,0.017,3.897,-21.461,C,-0.941,0.397,0.045
auto,high,0.246,2.802,-49.405,C,0.114,0.793,-4.987
beam,low,0.435,2.931,17.001,C,0.256,0.117,0.441
REDACTED,low,0.013,1.031,-24.661,?,0.869,-0.073,0.335
beam,low,0.458,3.561,-45.899,C,0.404,-0.587,-1.417
REDACTED,high,0.8,1.731,336.638,K,0.723,-1.572,3.528
burst,low,0.501,1.573,43.107,C,0.021,0.536,0.327
REDACTED,low,0.258,2.086,308.329,K,0.307,1.951,1.062
REDACTED,low,0.384,0.703,226.521,?,-0.301,1.383,-0.625
beam,low,0.841,1.571,271.149,K,-0.405,-0.131,-0.225
auto,low,0.153,3.812,221.785,K,-0.305,-0.602,2.214
auto,high,0.724,0.275,-63.075,C,0.07,-0.575,-3.83
REDACTED,high,0.799,0.182,359.335,K,0.685,-0.824,3.974
burst,high,0.068,3.13,-0.188,C,-0.715,0.242,1.092
burst,high,0.693,4.796,-4.117,C,-0.76,0.911,0.497
burst,low,0.965,4.904,-40.925,C,0.718,-0.0,-0.552
beam,low,0.059,1.643,243.316,?,-0.699,0.476,-0.038
burst,low,0.537,3.667,17.513,C,-0.819,-0.369,-0.176
REDACTED,low,0.614,5.819,22.243,C,0.354,-0.009,0.765
beam,high,0.73,2.904,-31.428,C,0.029,0.806,-0.367
REDACTED,low,0.497,3.074,56.819,C,-0.371,-0.209,2.221
REDACTED,low,0.837,2.896,328.325,?,0.735,0.396,2.603
REDACTED,high,0.196,3.628,236.934,K,0.037,-0.916,3.543
beam,low,-99.0,1.834,251.595,K,0.66,-0.326,0.0
beam,low,0.909,1.001,-1.83,?,0.643,1.073,-0.346
burst,low,0.834,4.651,12.506,C,-0.135,-0.287,-0.006
REDACTED,low,0.023,3.177,-44.432,C,-0.432,0.718,0.936
burst,low,0.998,3.067,231.552,K,-0.679,-0.137,-0.283
beam,low,0.0,3.718,7.78,C,-0.877,-0.07,-0.008
burst,low,0.299,2.223,-100.0,C,0.727,-0.101,-0.298
beam,high,0.909,0.361,-78.64,C,0.598,0.083,-1.118
beam,high,0.662,0.173,-0.663,C,-0.713,1.304,0.121
beam,low,0.295,1.491,-44.072,C,0.022,0.453,-1.198
REDACTED,low,0.577,5.216,-27.068,C,0.884,0.642,-0.429
REDACTED,low,0.587,2.59,294.291,K,0.46,0.488,0.799
auto,low,0.285,0.687,24.419,C,-0.604,0.685,1.744
burst,low,0.722,0.22,225.231,K,0.352,-0.161,0.073
beam,low,0.025,2.899,-6.511,C,-0.156,0.562,0.126
burst,low,0.165,1.12,37.958,C,-0.039,1.076,-0.099
beam,low,0.324,1.299,46.437,C,0.919,-0.814,1.453
auto,low,0.738,3.328,274.677,K,0.215,0.359,2.327
beam,low,0.876,2.048,52.672,C,0.179,-0.693,3.848
burst,high,0.107,2.082,265.768,K,0.866,1.335,1.111
burst,low,0.43,1.87,-0.144,?,-0.76,-0.057,-0.026
burst,high,0.623,2.218,-47.747,C,0.879,0.998,-1.67
REDACTED,low,0.428,1.782,12.281,C,-0.941,0.61,0.67
beam,high,0.863,1.588,-18.208,C,-0.363,-0.12,-0.222
beam,high,0.016,1.943,-24.696,C,-0.125,0.061,-0.033
REDACTED,low,0.098,1.118,39.495,C,-0.119,-0.644,0.72
burst,low,0.076,1.369,40.774,C,0.914,-0.446,-0.03
burst,low,0.919,1.887,272.854,K,0.052,-0.863,-0.029
REDACTED,high,0.701,0.532,218.236,?,0.735,0.133,3.615
burst,high,0.202,1.258,50.607,?,-0.166,0.348,1.971
auto,low,0.826,0.563,316.925,K,-0.876,-0.767,1.79
REDACTED,low,0.934,1.276,76.189,C,-0.843,0.221,4.066
beam,high,0.356,0.737,48.297,C,0.468,-0.566,0.017
beam,low,0.548,1.036,12.992,C,0.039,0.589,1.07
REDACTED,low,0.943,0.843,303.816,K,-0.894,-1.762,2.072
burst,high,0.625,1.886,5.028,C,-0.179,0.293,0.876
beam,high,0.952,0.852,75.744,C,0.718,-1.454,1.003
REDACTED,low,0.61,0.952,-41.806,C,-0.621,-0.238,-0.871
auto,low,0.362,0.563,-31.699,C,0.762,0.604,1.974
REDACTED,high,0.68,1.143,52.012,C,0.773,0.201,3.532
burst,high,0.425,0.422,-44.956,C,-0.148,-0.814,-0.532
burst,high,0.955,0.41,-13.4,C,0.434,0.758,0.297
burst,low,0.432,4.47,262.071,?,-0.377,0.415,0.154
beam,high,0.491,2.362,28.555,?,-0.138,1.222,0.064
beam,low,0.694,3.395,-2.207,?,-0.363,0.463,-0.318
burst,low,0.818,4.327,-11.615,?,0.213,-0.04,0.141
auto,low,0.801,4.678,-57.199,C,-0.515,-0.068,2.568
burst,low,0.762,2.178,327.147,K,-0.301,-0.58,-0.286
auto,low,0.159,1.547,24.845,C,0.448,1.506,2.004
beam,low,0.253,2.354,-35.489,C,0.191,-0.167,-0.701
REDACTED,low,0.184,4.556,-10.989,C,0.814,-0.182,0.124
beam,high,0.358,2.145,196.504,K,-0.896,-1.231,-0.24
beam,high,0.413,0.674,373.15,K,-0.412,-0.778,NA
beam,low,0.86,4.781,22.514,C,0.71,-0.206,1.489
auto,low,0.069,1.649,216.055,K,-0.105,-0.887,1.971
beam,low,0.464,2.139,13.721,C,0.284,-0.125,0.805
REDACTED,low,0.898,1.585,22.771,C,0.045,-0.093,1.395
REDACTED,high,0.862,4.204,32.652,?,-0.715,-1.834,2.857
burst,high,0.874,0.27,29.402,?,0.136,0.055,3.095
burst,low,0.888,1.614,27.493,C,-0.454,0.022,0.136
auto,low,0.99,1.074,-2.849,C,0.16,0.345,2.051
auto,low,0.528,3.026,-0.966,C,0.334,-1.352,2.012
REDACTED,high,0.481,1.323,311.901,K,-0.084,0.552,3.261
REDACTED,low,0.722,2.125,50.221,C,-0.334,-0.069,2.125
burst,low,0.034,0.209,305.373,K,-0.406,0.283,-0.127
auto,high,0.072,3.754,53.518,C,0.844,0.389,-5.883
beam,high,0.711,6.52,-25.267,C,0.175,-0.129,-0.52
beam,high,0.981,2.546,7.96,C,0.686,0.507,-0.057
beam,low,0.376,2.633,70.783,C,0.991,-0.082,2.311
beam,high,0.34,2.174,281.072,K,-0.326,-0.059,0.151
burst,high,0.461,0.604,-7.64,C,-0.091,-0.098,0.913
auto,high,0.732,6.438,97.588,C,0.816,-0.153,-5.474
REDACTED,low,0.049,0.654,-42.884,C,0.496,0.271,0.265
beam,low,0.171,1.225,228.741,?,-0.105,1.433,-0.498
burst,high,0.094,5.138,229.172,K,-0.881,0.732,0.26
burst,high,0.614,5.807,250.055,K,-0.77,0.082,-0.028
REDACTED,low,0.173,0.277,-52.929,C,0.109,0.783,-0.115
auto,low,0.695,1.367,350.29,K,-0.072,-0.301,1.92
burst,low,0.414,1.015,57.228,C,-0.469,1.273,-0.302
burst,high,0.014,2.151,-46.031,C,-0.72,0.158,0.972
REDACTED,low,0.124,2.106,-39.014,C,-0.876,0.063,0.322
burst,high,0.28,3.56,-31.262,C,0.263,1.1,0.353
burst,high,0.606,0.113,29.765,?,0.673,-0.072,1.989
auto,low,0.349,0.466,233.695,K,-0.547,-0.983,1.672
burst,low,0.289,2.676,-54.645,C,0.759,0.809,0.005
auto,high,0.57,2.069,72.492,C,-0.348,-0.476,-4.685
auto,low,0.95,1.265,-19.641,C,0.819,0.262,2.186
auto,high,0.672,0.739,234.834,K,0.202,-0.023,-4.704
beam,high,0.463,0.181,-55.645,C,-0.723,0.303,0.041
beam,high,0.294,1.644,70.498,?,0.386,-0.28,0.152
burst,low,0.494,1.791,258.15,K,-0.247,0.133,0.505
auto,low,0.115,3.372,23.674,C,0.685,-0.219,2.08
REDACTED,low,0.248,0.299,47.116,C,0.673,-0.69,1.364
REDACTED,high,0.586,1.883,217.944,K,-0.869,-0.548,3.368
auto,low,0.366,1.125,25.25,C,0.734,-0.234,2.128
auto,low,0.769,5.284,305.332,K,-0.167,-0.438,2.285
burst,low,0.761,0.538,-12.812,C,0.625,0.183,-0.193
burst,low,0.235,0.363,60.492,C,0.471,0.381,0.293
auto,high,0.007,2.678,-78.101,C,0.175,-0.587,-6.046
REDACTED,low,0.039,1.901,-22.667,C,0.809,-0.1,0.237
REDACTED,low,0.673,2.949,269.967,K,0.402,-0.591,0.215
burst,low,0.254,0.925,11.934,C,0.306,-1.43,-0.237
beam,high,0.687,1.735,25.217,C,-0.832,0.314,0.024
beam,low,0.806,1.267,-33.916,C,-0.519,-0.877,-2.295
burst,high,0.979,2.897,243.671,K,0.484,0.828,NA
burst,low,0.181,0.897,45.459,C,-0.915,-1.419,0.209
REDACTED,low,0.341,1.06,36.446,?,0.395,-0.58,1.044
burst,low,0.789,2.278,344.143,?,0.477,0.63,0.465
REDACTED,low,0.721,2.034,7.205,C,-0.93,-0.589,0.855
REDACTED,high,0.372,0.952,-50.257,C,-0.548,0.051,3.464
auto,high,0.275,1.555,-26.355,C,-0.776,1.974,-5.729
auto,high,0.353,4.618,-48.347,C,0.797,0.077,-5.877
burst,high,0.576,1.633,29.771,C,-0.919,0.455,2.017
burst,high,0.286,4.122,41.877,C,0.849,0.802,1.904
REDACTED,low,0.651,0.962,212.346,K,-0.007,-0.689,-1.465
burst,low,0.743,0.208,224.852,K,0.466,0.377,-0.243
auto,low,0.77,1.915,233.161,K,-0.021,-0.461,2.36
auto,low,0.767,0.926,362.996,?,0.011,-1.674,1.582
auto,low,0.724,1.453,34.706,C,0.139,-0.292,1.938
beam,low,0.407,2.419,35.034,C,-0.338,-0.573,1.138
burst,low,0.941,1.356,27.539,C,-0.44,0.577,-0.084
REDACTED,high,0.708,2.587,-25.934,C,-0.761,1.226,2.72
beam,high,0.89,0.808,240.421,K,-0.337,-0.863,-0.37
burst,high,0.543,1.531,4.863,C,0.27,0.106,1.353
burst,low,-99.0,1.506,295.958,K,-0.315,-0.999,0.0
burst,high,0.838,4.913,-73.52,C,-0.996,-0.742,-5.308
burst,low,0.414,0.123,197.148,K,-0.91,-0.134,0.149
auto,high,0.44,2.059,-2.763,C,0.528,-0.426,-5.451
burst,low,0.501,2.02,-26.814,C,-0.421,-1.06,-0.33
auto,low,0.277,1.47,-8.68,C,-0.61,0.398,1.956
REDACTED,low,-99.0,0.913,249.778,K,-0.33,0.881,0.0
REDACTED,high,0.081,0.929,-11.171,C,0.81,0.992,1.848
auto,low,0.318,0.829,269.109,K,-0.444,1.129,1.99
REDACTED,high,0.621,2.886,-50.163,C,-0.385,-1.19,3.251
burst,high,0.821,5.683,-41.916,C,-0.102,-1.194,-1.518
burst,low,0.915,2.939,310.328,K,-0.577,0.793,0.392
beam,high,0.927,0.81,326.446,K,0.006,0.019,1.233
burst,high,0.313,4.53,-17.099,C,-0.515,-0.345,0.396
REDACTED,high,0.278,3.233,-100.0,C,-0.095,1.132,3.964
auto,low,0.102,4.498,66.04,C,-0.495,0.403,2.18
auto,high,0.162,0.916,-11.148,C,-0.13,0.032,-5.376
burst,low,0.588,0.396,173.15,K,0.893,0.059,-0.047
REDACTED,low,0.322,4.208,329.548,K,-0.847,1.156,1.224
REDACTED,high,0.705,1.899,5.109,C,-0.773,0.255,1.461
auto,high,0.248,1.145,32.504,C,0.473,-0.943,-5.657
auto,high,0.739,1.987,-39.885,C,-0.755,0.728,-4.934
beam,high,-99.0,3.126,275.204,K,0.7,-0.233,0.0
burst,high,0.144,0.963,-48.708,C,-0.74,-0.421,0.771
auto,high,0.292,0.843,39.694,C,-0.934,0.765,-5.817
auto,low,0.144,1.12,207.712,K,-0.248,-0.515,2.129
burst,low,0.713,3.819,14.789,C,0.007,-0.257,0.009
auto,high,0.231,1.24,-73.087,C,0.231,-0.821,-5.373
beam,low,0.523,0.948,-25.352,C,0.854,-0.626,-1.184
beam,high,0.167,2.217,291.858,K,0.495,-0.353,-0.291
burst,low,0.644,1.935,5.594,C,-0.944,-1.454,-0.266
REDACTED,low,0.644,2.683,21.656,C,0.428,0.569,1.066
REDACTED,low,0.726,0.241,51.698,C,0.233,-0.195,2.64
REDACTED,high,0.34,1.577,12.231,C,0.375,0.759,2.225
beam,high,0.073,1.245,173.15,?,0.251,0.608,-0.464
beam,high,0.495,4.994,-22.452,C,-0.723,-1.396,0.017
auto,high,0.464,5.007,24.104,C,-0.144,0.08,-4.812
auto,low,0.044,0.703,358.692,K,-0.332,-0.36,2.019
burst,high,0.958,3.133,-49.21,?,-0.05,-0.17,-2.904
auto,high,0.167,1.503,198.653,K,-0.649,-0.653,-5.791
auto,low,0.816,1.088,-17.202,C,-0.679,-0.13,1.895
REDACTED,high,0.789,5.933,-12.538,C,-0.343,-0.793,2.754
burst,high,0.805,2.612,-80.984,C,0.091,-0.912,-4.936
REDACTED,high,0.134,0.706,26.849,C,0.498,0.868,3.035
beam,high,0.757,0.622,51.208,C,-0.352,0.519,0.653
beam,high,0.311,2.115,97.978,C,-0.794,0.458,0.285
REDACTED,high,0.113,0.886,90.023,C,0.045,-0.555,3.811
burst,low,0.38,1.742,19.091,C,-0.323,-0.157,0.246
auto,low,0.294,6.969,-61.527,C,0.109,0.066,2.137
auto,low,0.534,0.418,4.292,C,0.889,1.504,1.99
REDACTED,low,0.176,0.882,-8.623,C,-0.737,-1.178,0.137
burst,low,0.628,2.421,291.709,K,0.327,0.622,0.083
beam,high,0.029,1.018,31.901,C,-0.817,0.592,-0.124
beam,low,0.273,2.708,2.2,C,0.492,-0.331,0.225
auto,low,0.272,0.785,-23.68,C,0.944,-0.249,1.923
REDACTED,high,-99.0,0.106,316.105,K,0.991,0.212,0.0
beam,high,0.991,1.427,258.852,K,-1.0,0.3,0.029
beam,low,0.293,0.564,36.359,C,0.944,1.192,0.827
burst,high,0.186,0.226,24.549,C,-0.607,0.45,1.35
burst,high,0.461,2.848,20.53,C,-0.619,-0.042,1.84
burst,low,0.416,1.256,248.239,K,0.081,-0.147,-0.276
burst,low,0.851,2.606,293.628,K,-0.624,0.547,0.325
auto,high,0.033,1.003,218.979,K,-0.245,0.591,-5.584
auto,low,0.916,3.291,-12.843,C,-0.187,-0.254,2.513
beam,low,0.046,0.949,-44.994,C,-0.913,1.165,-0.288
auto,high,0.016,0.551,9.171,?,0.683,-0.067,-5.926
burst,high,0.532,1.309,-21.46,C,0.165,-0.863,0.211
auto,high,0.818,3.306,276.814,K,0.033,-0.193,-4.26
REDACTED,low,0.415,3.415,-51.143,C,-0.935,1.005,-0.57
auto,high,0.6,1.425,38.35,C,-0.395,-0.416,-4.798
beam,low,0.755,1.159,45.036,C,-0.409,0.541,3.259
burst,low,0.616,1.345,-10.292,C,-0.009,1.583,0.32
beam,low,0.843,3.707,-81.5,C,0.864,0.17,-4.894
REDACTED,high,0.983,2.187,266.028,K,-0.527,1.285,1.847
REDACTED,high,0.263,1.7,-86.587,C,0.055,-0.202,3.784
burst,low,0.944,0.955,5.333,C,-0.804,-0.502,-0.197
burst,low,0.518,2.837,-35.979,C,-0.76,0.906,0.037
beam,high,0.382,1.6,-19.672,C,-0.032,0.603,-0.237
REDACTED,low,0.099,1.327,265.782,K,0.113,-0.497,0.544
burst,low,0.668,1.325,49.484,C,0.002,-0.226,-0.031
REDACTED,low,0.714,0.948,267.433,K,0.563,1.311,-0.106
auto,low,0.754,0.593,-62.98,C,0.748,0.397,1.966
burst,low,0.044,1.149,85.703,C,-0.741,-0.05,0.212
beam,low,0.206,1.644,203.137,K,-0.451,-0.518,-1.367
burst,low,0.264,3.846,1.111,C,-0.889,0.811,-0.107
beam,low,0.226,0.854,38.973,?,0.781,-0.247,1.168
burst,high,0.974,2.674,-16.551,C,-0.924,1.108,-0.045
REDACTED,high,0.74,1.164,265.446,K,0.756,1.047,1.979
beam,high,0.286,2.133,234.49,K,-0.759,1.024,-0.461
beam,high,0.422,3.114,80.143,C,0.379,-0.349,0.167
burst,high,0.527,3.804,23.469,C,-0.442,-0.732,1.895
burst,low,0.617,0.86,25.628,C,0.931,-1.554,0.411
beam,high,0.645,0.975,-83.092,C,-0.063,-0.254,-1.941
auto,high,0.321,1.231,-48.669,C,-0.981,-0.037,-5.909
beam,high,0.043,1.099,-20.079,C,-0.945,0.934,0.198
REDACTED,low,0.811,0.374,301.503,?,0.749,0.071,1.256
auto,low,0.82,1.042,-23.981,C,0.004,-0.295,2.277
REDACTED,high,0.721,0.858,-30.441,C,-0.063,0.213,2.571
burst,high,0.436,1.045,63.702,C,0.745,-1.102,3.659
beam,high,0.905,0.453,247.455,?,0.908,0.258,0.234
REDACTED,high,0.093,1.432,273.129,K,-0.45,-0.766,0.305
auto,high,0.423,2.145,-19.806,C,0.807,0.22,-5.686
burst,low,0.239,2.379,-20.762,C,0.084,0.641,-0.068
REDACTED,high,0.415,0.71,270.345,K,0.194,-0.602,1.33
REDACTED,low,0.963,1.738,7.609,C,0.531,1.037,0.608
auto,high,0.125,0.672,23.279,C,0.562,-0.093,-5.652
beam,low,0.583,1.239,-2.23,C,0.155,0.701,-0.376
auto,low,0.334,5.402,-80.092,C,0.467,0.17,1.98
burst,high,0.837,2.167,-22.981,C,0.705,-0.046,-0.186
beam,low,0.827,1.101,280.184,K,-0.138,1.369,0.758
beam,low,0.462,2.873,15.183,C,-0.885,-0.52,0.485
beam,low,0.382,1.039,-37.788,C,-0.693,-0.093,-1.512
beam,high,0.229,4.212,207.601,K,-0.218,-0.537,-0.473
beam,low,0.769,4.789,31.719,C,0.058,0.426,1.758
REDACTED,high,0.779,0.489,80.923,?,0.286,1.872,3.709
REDACTED,low,0.185,2.537,44.948,C,0.006,1.15,0.966
beam,low,0.255,3.933,287.904,K,-0.926,0.646,0.469
beam,low,0.494,2.927,5.292,C,-0.573,-0.383,0.368
auto,high,0.67,1.647,-33.795,C,0.301,-0.793,-5.186
beam,high,0.288,2.474,-44.344,C,-0.73,-0.23,-0.363
REDACTED,high,0.281,0.77,348.732,K,-0.969,-1.453,3.825
burst,high,0.409,2.474,-29.485,C,0.001,0.8,0.221
burst,low,0.698,1.341,-36.318,C,0.764,0.887,-0.059
burst,low,0.901,3.53,367.959,K,-0.432,-0.528,-0.027
beam,high,0.311,1.922,237.657,K,0.609,1.216,-0.071
burst,high,0.937,0.542,-2.504,C,-0.648,0.69,1.213
auto,low,0.784,1.249,-46.875,?,-0.456,0.228,2.013
auto,low,0.412,1.129,341.453,K,-0.573,1.916,2.268
auto,low,0.763,2.267,354.482,K,-0.35,0.427,2.277
beam,low,0.894,1.94,-41.889,C,0.058,-0.895,-3.331
burst,high,0.844,3.735,21.697,C,-0.61,-1.057,1.991
burst,low,0.17,4.74,26.081,C,0.616,0.214,0.171
REDACTED,low,0.116,1.784,293.955,K,0.528,-0.016,0.207
REDACTED,low,0.881,4.078,241.667,K,0.072,-0.333,NA
beam,low,0.684,1.999,-2.744,C,-0.002,1.152,-0.231
auto,low,0.481,0.52,20.216,C,-0.18,0.904,1.591
auto,low,0.35,4.257,274.581,K,0.991,-0.335,2.466
beam,low,0.644,1.128,-27.707,C,-0.529,0.034,-1.834
burst,low,0.887,1.418,201.56,?,0.729,-0.503,-0.188
REDACTED,low,0.323,0.291,-17.162,C,-0.12,0.524,0.081
beam,high,0.344,2.538,-32.986,C,0.075,0.84,-0.379
